[
    {
        "ASIN": "B077GXYTX9",
        "Brand": "POP CAFFE'",
        "Title": "100 CAPSULE POP CAFFE' E-TUO 1 INTENSO COMPATIBILI FIOR FIORE, LUI ESPRESSO E MITACA MPS ,AROMA VERO",
        "Category": "",
        "Description": "",
        "WordCount": 0,
        "Rating": "4,3",
        "ListPrice": "18,69",
        "Price": "18,66",
        "Discount": "0%",
        "Shipping": 0,
        "TotalPrice": 0,
        "Stock": 0,
        "ParentASIN": "",
        "Available": false,
        "Fulfilled": false,
        "Thumbnail": "https://m.media-amazon.com/images/I/61HISH14n3L._AC_UL320_ML3_.jpg",
        "URL": "https://www.amazon.it/CAPSULE-COMPATIBILI-ESPRESSO-POP-CAFFE/dp/B077GXYTX9/ref=sr_1_53?__mk_it_IT=%25u00c5M%25u00c5%25u017d%25u00d5%25u00d1&amp;keywords=capsule+compatibili&amp;qid=1582034540&amp;refinements=p_76:490210031&amp;rnid=490209031&amp;rps=1&amp;sr=8-53",
        "Images": {
            "URL": [
                "https://images-na.ssl-images-amazon.com/images/I/61HISH14n3L._AC_SL1080_.jpg",
                "https://images-na.ssl-images-amazon.com/images/I/516uwRk%2BT4L._AC_SL1200_.jpg"
            ]
        },
        "Features": "",
        "TechnicalDetails": "",
        "ProductDetails": {
            "Description": [
                "Peso articolo=1,2 Kg",
                "Nome del prodotto=100 CAPSULE",
                "Peso=6 grammi",
                "Unità=100  capsule",
                "Istruzioni di conservazione=CONSERVARE IN LUOGO FRESCO E ASCIUTTO",
                "Paese d'origine=Italia",
                "Marca=POP CAFFE'",
                "Format=Capsule",
                "Regione di produzione=Sicilia",
                "Contenuto di caffeina=Contiene caffeina",
                "Produttore=SIMFED SRL",
                "ASIN=B077GXYTX9",
                "Media recensioni=4.2 su 5 stelle\n      \n    \n  \n  \n  \n    \n      235 recensioni clienti",
                "Posizione nella classifica Bestseller di Amazon=n. 141 in Alimentari e cura della casa (Visualizza i Top 100 nella categoria Alimentari e cura della casa)\n \n\n\n\n\n\n\n.zg_hrsr { margin: 0; padding: 0; list-style-type: none; }\n.zg_hrsr_item { margin: 0 0 0 10px; }\n.zg_hrsr_rank { display: inline-block; width: 80px; text-align: right; }\n\n\n\n    \n    n.88\n    in Cialde e capsule di caffè",
                "Peso di spedizione=1,3 Kg",
                "Disponibile su Amazon.it a partire dal=15 novembre 2017"
            ]
        },
        "SalesRank": 141,
        "UPC": "",
        "EAN": "",
        "Prime": false,
        "ChildASIN": "",
        "Reviews": ""
    },
    {
        "ASIN": "B073RPRXJF",
        "Brand": "Caffe' Corsini",
        "Title": "Caffè Corsini Caps Compatibili Nespresso Orzo Solubile  - 12 Confezioni da 10 Capsule - Totale 120 Capsule",
        "Category": "",
        "Description": "Nome stile:<strong>Orzo</strong>\n \n \n \n \n \n \n \n\n\n \n \n \n\t \n \n\n \n \n \n \n \n \n \n \t\n \t\tDescrizione\n \t\n \t\n \t\t\n \t\t\tLa confezione contiene 12 astucci da 10 capsule monodose da 3 grammi di orzo solubile, confezionate in atmosfera protettiva. Le Capsule Orzo sono compatibili con le macchine ad uso domestico a marchio Nespresso*. L'Orzo solubile è una bevanda che contiene GLUTINE ma naturalmente priva di caffeina: è pertanto adatta anche a chi deve rinunciare alla caffeina come i cardiopatici, gli ipertesi, i bambini, le donne in gravidanza o allattamento o chi ha difficoltà ad addormentarsi.\n\t\t\t\t \t\n\t\t\t\t\t\n \t\t\n \t\t\n \t\n \n \t\n \t\tIngredienti\n \t\n \t\n \t\t\n \t\t\t100% Orzo Solubile\n\t\t\t\t \t\n\t\t\t\t\t\n \t\t\n \t\t\n \t\n \n \n \n \n \n \n Visualizza tutta la Descrizione prodotto",
        "WordCount": 129,
        "Rating": "3,6",
        "ListPrice": "21,08",
        "Price": "18,89",
        "Discount": "10%",
        "Shipping": 0,
        "TotalPrice": 0,
        "Stock": 0,
        "ParentASIN": "",
        "Available": false,
        "Fulfilled": false,
        "Thumbnail": "https://m.media-amazon.com/images/I/71EqCMn9CrL._AC_UL320_ML3_.jpg",
        "URL": "https://www.amazon.it/Caffè-Corsini-Caps-Compatibili-Nespresso/dp/B073RPRXJF/ref=sr_1_54?__mk_it_IT=%25u00c5M%25u00c5%25u017d%25u00d5%25u00d1&amp;keywords=capsule+compatibili&amp;qid=1582034540&amp;refinements=p_76:490210031&amp;rnid=490209031&amp;rps=1&amp;sr=8-54",
        "Images": {
            "URL": [
                "https://images-na.ssl-images-amazon.com/images/I/71EqCMn9CrL._AC_SL1500_.jpg",
                "https://images-na.ssl-images-amazon.com/images/I/51XnP9gWGKL._AC_.jpg",
                "https://images-na.ssl-images-amazon.com/images/I/61BRggjFADL._AC_.jpg",
                "https://images-na.ssl-images-amazon.com/images/I/51CwSWUoQ-L._AC_.jpg",
                "https://images-na.ssl-images-amazon.com/images/I/51faNiNPCqL._AC_SL1000_.jpg",
                "https://images-na.ssl-images-amazon.com/images/I/71tfHnj4PVL._AC_SL1500_.jpg",
                "https://images-na.ssl-images-amazon.com/images/I/317AWCcYNBL._AC_.jpg",
                "https://images-na.ssl-images-amazon.com/images/I/81T8YkYY77L._AC_SL1500_.jpg",
                "https://images-na.ssl-images-amazon.com/images/I/71mlm3zyVhL._AC_SL1500_.jpg",
                "https://images-na.ssl-images-amazon.com/images/I/91m3a5X4OlL._AC_SL1500_.jpg"
            ]
        },
        "Features": "",
        "TechnicalDetails": "",
        "ProductDetails": {
            "Description": [
                "Allergeni=Contiene: Cereali Contenenti Glutine",
                "Peso=3.60 Kg",
                "Unità=120  capsula",
                "Origine=Italia",
                "Marca=Caffe' Corsini",
                "Format=Capsule monodose",
                "Produttore=Corsino Corsini",
                "ASIN=B073RPRXJF",
                "Media recensioni=3.3 su 5 stelle\n      \n    \n  \n  \n  \n    \n      37 recensioni clienti",
                "Posizione nella classifica Bestseller di Amazon=n. 467 in Alimentari e cura della casa (Visualizza i Top 100 nella categoria Alimentari e cura della casa)\n \n\n\n\n\n\n\n.zg_hrsr { margin: 0; padding: 0; list-style-type: none; }\n.zg_hrsr_item { margin: 0 0 0 10px; }\n.zg_hrsr_rank { display: inline-block; width: 80px; text-align: right; }\n\n\n\n    \n    n.238\n    in Cialde e capsule di caffè",
                "Peso di spedizione=1,1 Kg",
                "Disponibile su Amazon.it a partire dal=6 luglio 2017"
            ]
        },
        "SalesRank": 467,
        "UPC": "",
        "EAN": "",
        "Prime": false,
        "ChildASIN": "",
        "Reviews": ""
    },
    {
        "ASIN": "B07KXXPZCH",
        "Brand": "yespresso",
        "Title": "Capsule LAVAZZA A MODO MIO compatibili (CREMOSO, 100 CAPSULE)",
        "Category": "",
        "Description": "Nome sapore:<strong>CREMOSO</strong>\n \n \n \n \n \n \n \n\n\n \n \n \n\t \n \n\n \n \n \n \n \n \n \n \t\n \t\n \t\t\n \t\t\tConfezione da 100 capsule di caffè per macchine Lavazza a Modo Mio",
        "WordCount": 36,
        "Rating": "4,1",
        "ListPrice": "17,90",
        "Price": "17,90",
        "Discount": "0%",
        "Shipping": 0,
        "TotalPrice": 0,
        "Stock": 0,
        "ParentASIN": "",
        "Available": false,
        "Fulfilled": false,
        "Thumbnail": "https://m.media-amazon.com/images/I/71b1146syZL._AC_UL320_ML3_.jpg",
        "URL": "https://www.amazon.it/capsule-LAVAZZA-MODO-compatibili-CREMOSO/dp/B07KXXPZCH/ref=sr_1_55?__mk_it_IT=%25u00c5M%25u00c5%25u017d%25u00d5%25u00d1&amp;keywords=capsule+compatibili&amp;qid=1582034540&amp;refinements=p_76:490210031&amp;rnid=490209031&amp;rps=1&amp;sr=8-55",
        "Images": {
            "URL": [
                "https://images-na.ssl-images-amazon.com/images/I/71b1146syZL._AC_SL1500_.jpg",
                "https://images-na.ssl-images-amazon.com/images/I/717-EmxY5TL._AC_SL1500_.jpg",
                "https://images-na.ssl-images-amazon.com/images/I/91e9iKlqzGL._AC_SL1500_.jpg",
                "https://images-na.ssl-images-amazon.com/images/I/71gcxwkKWBL._AC_SL1500_.jpg"
            ]
        },
        "Features": "",
        "TechnicalDetails": "",
        "ProductDetails": {
            "Description": [
                "Peso=730 grammi",
                "Unità=100  capsula",
                "Marca=yespresso",
                "Format=Capsule monodose",
                "Produttore=YESPRESSO",
                "ASIN=B07KXXPZCH",
                "Media recensioni=4.1 su 5 stelle\n      \n    \n  \n  \n  \n    \n      631 recensioni clienti",
                "Posizione nella classifica Bestseller di Amazon=n. 152 in Alimentari e cura della casa (Visualizza i Top 100 nella categoria Alimentari e cura della casa)\n \n\n\n\n\n\n\n.zg_hrsr { margin: 0; padding: 0; list-style-type: none; }\n.zg_hrsr_item { margin: 0 0 0 10px; }\n.zg_hrsr_rank { display: inline-block; width: 80px; text-align: right; }\n\n\n\n    \n    n.95\n    in Cialde e capsule di caffè",
                "Peso di spedizione=1,1 Kg",
                "Disponibile su Amazon.it a partire dal=19 giugno 2017"
            ]
        },
        "SalesRank": 152,
        "UPC": "",
        "EAN": "",
        "Prime": false,
        "ChildASIN": "",
        "Reviews": ""
    },
    {
        "ASIN": "B01M63TREP",
        "Brand": "POP CAFFE'",
        "Title": "POP CAFFE' MOKA UNO .1 MISCELA INTENSO 100 CAPSULE COMPATIBILI UNO SYSTEM, ILLY E KIMBO",
        "Category": "",
        "Description": "Descrizione\n \t\n \t\n \t\t\n \t\t\tCapsula compatibile.\n\t\t\t\t \t\n\t\t\t\t\t\n \t\t\n \t\t\n \t\n \n \t\n \t\tIngredienti\n \t\n \t\n \t\t\n \t\t\tcaffè\n\t\t\t\t \t\n\t\t\t\t\t\n \t\t\n \t\t\n \t\n \n \n \n \n \n \n Visualizza tutta la Descrizione prodotto",
        "WordCount": 32,
        "Rating": "3,8",
        "ListPrice": "20,00",
        "Price": "17,99",
        "Discount": "10%",
        "Shipping": 0,
        "TotalPrice": 0,
        "Stock": 0,
        "ParentASIN": "",
        "Available": false,
        "Fulfilled": false,
        "Thumbnail": "https://m.media-amazon.com/images/I/61SvBQ5a0+L._AC_UL320_ML3_.jpg",
        "URL": "https://www.amazon.it/POP-Caffè-MOKA-INTENSO-capsule/dp/B01M63TREP/ref=sr_1_56?__mk_it_IT=%25u00c5M%25u00c5%25u017d%25u00d5%25u00d1&amp;keywords=capsule+compatibili&amp;qid=1582034540&amp;refinements=p_76:490210031&amp;rnid=490209031&amp;rps=1&amp;sr=8-56",
        "Images": {
            "URL": "https://images-na.ssl-images-amazon.com/images/I/61SvBQ5a0%2BL._AC_SL1000_.jpg"
        },
        "Features": "",
        "TechnicalDetails": "",
        "ProductDetails": {
            "Description": [
                "Peso articolo=18,1 g",
                "Nome del prodotto=Moka Uno .1 Intenso",
                "Peso=20 grammi",
                "Unità=100  cialda",
                "Istruzioni di conservazione=Conservare in luogo fresco e asciutto",
                "Origine=Italia",
                "Marca=POP CAFFE'",
                "Format=capsule_monodose",
                "Contenuto di caffeina=Con caffeina",
                "Produttore=Sim-Fed",
                "ASIN=B01M63TREP",
                "Media recensioni=3.7 su 5 stelle\n      \n    \n  \n  \n  \n    \n      62 recensioni clienti",
                "Posizione nella classifica Bestseller di Amazon=n. 482 in Alimentari e cura della casa (Visualizza i Top 100 nella categoria Alimentari e cura della casa)\n \n\n\n\n\n\n\n.zg_hrsr { margin: 0; padding: 0; list-style-type: none; }\n.zg_hrsr_item { margin: 0 0 0 10px; }\n.zg_hrsr_rank { display: inline-block; width: 80px; text-align: right; }\n\n\n\n    \n    n.243\n    in Cialde e capsule di caffè",
                "Peso di spedizione=1,4 Kg",
                "Disponibile su Amazon.it a partire dal=13 ottobre 2016"
            ]
        },
        "SalesRank": 482,
        "UPC": "",
        "EAN": "",
        "Prime": false,
        "ChildASIN": "",
        "Reviews": ""
    },
    {
        "ASIN": "B073SCJHF5",
        "Brand": "POP CAFFE'",
        "Title": "NESCAFE DOLCE GUSTO COMPATIBILE 160 capsule POP CAFFÈ E-GUSTO M. 1 INTENSO cialde",
        "Category": "",
        "Description": "Numero di articoli:<strong>1</strong>\n \n \n \n \n \n \n \n\n\n \n \n \n\t \n \n\n \n \n \n \n \n \n \n \t\n \t\tDescrizione\n \t\n \t\n \t\t\n \t\t\tCapsula compatibile.\n\t\t\t\t \t\n\t\t\t\t\t\n \t\t\n \t\t\n \t\n \n \t\n \t\tIngredienti\n \t\n \t\n \t\t\n \t\t\tcaffè\n\t\t\t\t \t\n\t\t\t\t\t\n \t\t\n \t\t\n \t\n \n \n \n \n \n \n Visualizza tutta la Descrizione prodotto",
        "WordCount": 55,
        "Rating": "4,1",
        "ListPrice": "33,50",
        "Price": "33,50",
        "Discount": "0%",
        "Shipping": 0,
        "TotalPrice": 0,
        "Stock": 0,
        "ParentASIN": "",
        "Available": false,
        "Fulfilled": false,
        "Thumbnail": "https://m.media-amazon.com/images/I/61+u8X-kpLL._AC_UL320_ML3_.jpg",
        "URL": "https://www.amazon.it/POP-Caffè-GUSTO-INTENSO-capsule/dp/B073SCJHF5/ref=sr_1_57?__mk_it_IT=%25u00c5M%25u00c5%25u017d%25u00d5%25u00d1&amp;keywords=capsule+compatibili&amp;qid=1582034540&amp;refinements=p_76:490210031&amp;rnid=490209031&amp;rps=1&amp;sr=8-57",
        "Images": {
            "URL": "https://images-na.ssl-images-amazon.com/images/I/61%2Bu8X-kpLL._AC_SL1000_.jpg"
        },
        "Features": "",
        "TechnicalDetails": "",
        "ProductDetails": {
            "Description": [
                "Peso articolo=18,1 g",
                "Nome del prodotto=E-Gusto .1 Intenso",
                "Peso=20 grammi",
                "Unità=160  cialda",
                "Istruzioni di conservazione=Conservare in luogo fresco e asciutto",
                "Paese d'origine=Italy",
                "Marca=POP CAFFE'",
                "Format=Capsule",
                "Specialty=Alcohol Free",
                "Contenuto di caffeina=Con caffeina",
                "Produttore=SIMFED SRL",
                "ASIN=B073SCJHF5",
                "Media recensioni=3.9 su 5 stelle\n      \n    \n  \n  \n  \n    \n      300 recensioni clienti",
                "Posizione nella classifica Bestseller di Amazon=n. 243 in Alimentari e cura della casa (Visualizza i Top 100 nella categoria Alimentari e cura della casa)\n \n\n\n\n\n\n\n.zg_hrsr { margin: 0; padding: 0; list-style-type: none; }\n.zg_hrsr_item { margin: 0 0 0 10px; }\n.zg_hrsr_rank { display: inline-block; width: 80px; text-align: right; }\n\n\n\n    \n    n.143\n    in Cialde e capsule di caffè",
                "Peso di spedizione=2,4 Kg",
                "Disponibile su Amazon.it a partire dal=26 maggio 2016"
            ]
        },
        "SalesRank": 243,
        "UPC": "",
        "EAN": "",
        "Prime": false,
        "ChildASIN": "",
        "Reviews": ""
    },
    {
        "ASIN": "B07NYYLD1S",
        "Brand": "BARBARO",
        "Title": "100 CAPSULE DOLCE GUSTO BARBARO CAFFE' CREMOSO NAPOLI MISCELA BLU",
        "Category": "",
        "Description": "La miscela cremoso Napoli Blu ha il tipico gusto napoletano cremoso e corposo, di un' intensità unica ed impareggiabile",
        "WordCount": 19,
        "Rating": "4,2",
        "ListPrice": "22,50",
        "Price": "21,90",
        "Discount": "3%",
        "Shipping": 0,
        "TotalPrice": 0,
        "Stock": 0,
        "ParentASIN": "",
        "Available": false,
        "Fulfilled": false,
        "Thumbnail": "https://m.media-amazon.com/images/I/518M3AOxVdL._AC_UL320_ML3_.jpg",
        "URL": "https://www.amazon.it/CAPSULE-BARBARO-CREMOSO-NAPOLI-MISCELA/dp/B07NYYLD1S/ref=sr_1_58?__mk_it_IT=%25u00c5M%25u00c5%25u017d%25u00d5%25u00d1&amp;keywords=capsule+compatibili&amp;qid=1582034540&amp;refinements=p_76:490210031&amp;rnid=490209031&amp;rps=1&amp;sr=8-58",
        "Images": {
            "URL": [
                "https://images-na.ssl-images-amazon.com/images/I/518M3AOxVdL._AC_.jpg",
                "https://images-na.ssl-images-amazon.com/images/I/71Mc6jMw2eL._AC_SL1500_.jpg",
                "https://images-na.ssl-images-amazon.com/images/I/51G1y9RXATL._AC_.jpg",
                "https://images-na.ssl-images-amazon.com/images/I/51jHryM3%2B-L._AC_.jpg"
            ]
        },
        "Features": "",
        "TechnicalDetails": "",
        "ProductDetails": {
            "Description": [
                "Unità=100  bustina monodose",
                "Marca=BARBARO",
                "Format=Capsule monodose",
                "Produttore=Nutis",
                "ASIN=B07NYYLD1S",
                "Media recensioni=4.3 su 5 stelle\n      \n    \n  \n  \n  \n    \n      353 recensioni clienti",
                "Posizione nella classifica Bestseller di Amazon=n. 106 in Alimentari e cura della casa (Visualizza i Top 100 nella categoria Alimentari e cura della casa)\n \n\n\n\n\n\n\n.zg_hrsr { margin: 0; padding: 0; list-style-type: none; }\n.zg_hrsr_item { margin: 0 0 0 10px; }\n.zg_hrsr_rank { display: inline-block; width: 80px; text-align: right; }\n\n\n\n    \n    n.65\n    in Cialde e capsule di caffè",
                "Peso di spedizione=1,7 Kg",
                "Disponibile su Amazon.it a partire dal=21 febbraio 2019"
            ]
        },
        "SalesRank": 106,
        "UPC": "",
        "EAN": "",
        "Prime": false,
        "ChildASIN": "",
        "Reviews": ""
    },
    {
        "ASIN": "B01MXXDHW3",
        "Brand": "Caff%C3%A8 Carracci",
        "Title": "Caffè Carracci, Capsule Compatibili Nespresso, Kit Miscele Assortite - 10 astucci da 10 capsule (totale 100 capsule)",
        "Category": "",
        "Description": "Descrizione\n \t\n \t\n \t\t\n \t\t\tCARATTERISTICHE Contiene: 2 astucci di capsule Napoli: un caffè forte, corposo e deciso 2 astucci di capsule Palermo: per chi ama i gusti intensi 2 astucci di capsule Bologna: per chi ama il gusto del tipico espresso italiano 2 astucci di capsule Milano: una raffinata miscela 100% Arabica 2 astucci di capsule Decaffeinato: tutto il gusto del buon caffè con una percentuale di caffeina che non supera lo 0,1% CAFFÈ CARRACCI Il caffè espresso è il re dello stile italiano, riconosciuto in tutto il mondo come una icona del Bel Paese: una bevanda che racchiude in sé tutta la passione, la cultura ed il piacere di vivere all’italiana. Caffè Carracci si impegna a produrre un espresso di qualità congiungendo modernità e tradizione. In particolare, la gamma di capsule compatibili Nespresso* di Caffè Carracci offre invece le seguenti varietà: Bologna, un’equilibrata miscela di caffè Arabica e Robusta, per chi cerca il tipico espresso da bar; Napoli, un caffè intenso e cremoso come nella migliore tradizione partenopea; Palermo, miscela per chi vuole un caffè senza compromessi, particolarmente deciso grazie all’alta percentuale di selezionati Robusta; Milano, una raffinata miscela 100% Arabica dall’aroma inconfondibile e dal gusto soave; e Decaffeinato, un ottimo caffè da gustare in ogni momento senza sensi di colpa, grazie alla ridotta percentuale di caffeina. Caffè Carracci è uno dei marchi di Coind, una torrefazione italiana nata nel 1961 ed oggi tra le prime in Italia. Caffè Carracci è un brand giovane, ma nato da un solido gruppo industriale, capace di garantire qualità, materie prime selezionate e attente procedure di lavorazione, condotte con le più moderne tecnologie. *Nespresso è un marchio registrato di società terza non collegata a Caffè Carracci\n\t\t\t\t \t\n\t\t\t\t\t\n \t\t\n \t\t\n \t\n \n \t\n \t\tIngredienti\n \t\n \t\n \t\t\n \t\t\tCaffè\n\t\t\t\t \t\n\t\t\t\t\t\n \t\t\n \t\t\n \t\n \n \n \n \n \n \n Visualizza tutta la Descrizione prodotto",
        "WordCount": 309,
        "Rating": "3,9",
        "ListPrice": "21,99",
        "Price": "21,99",
        "Discount": "0%",
        "Shipping": 0,
        "TotalPrice": 0,
        "Stock": 0,
        "ParentASIN": "",
        "Available": false,
        "Fulfilled": false,
        "Thumbnail": "https://m.media-amazon.com/images/I/81G7boWFDvL._AC_UL320_ML3_.jpg",
        "URL": "https://www.amazon.it/Caffè-Carracci-compatibili-Nespresso-assortite/dp/B01MXXDHW3/ref=sr_1_59?__mk_it_IT=%25u00c5M%25u00c5%25u017d%25u00d5%25u00d1&amp;keywords=capsule+compatibili&amp;qid=1582034540&amp;refinements=p_76:490210031&amp;rnid=490209031&amp;rps=1&amp;sr=8-59",
        "Images": {
            "URL": [
                "https://images-na.ssl-images-amazon.com/images/I/81G7boWFDvL._AC_SL1500_.jpg",
                "https://images-na.ssl-images-amazon.com/images/I/71GBPRBDPyL._AC_SL1500_.jpg",
                "https://images-na.ssl-images-amazon.com/images/I/71CvQO8wG7L._AC_SL1500_.jpg",
                "https://images-na.ssl-images-amazon.com/images/I/71RLZFtA1QL._AC_SL1500_.jpg",
                "https://images-na.ssl-images-amazon.com/images/I/71vC4-WdyvL._AC_SL1500_.jpg",
                "https://images-na.ssl-images-amazon.com/images/I/71TtOPG9wiL._AC_SL1500_.jpg",
                "https://images-na.ssl-images-amazon.com/images/I/71KUYE2-0HL._AC_SL1500_.jpg"
            ]
        },
        "Features": "",
        "TechnicalDetails": "",
        "ProductDetails": {
            "Description": [
                "Peso articolo=499 g",
                "Nome del prodotto=Capsule Compatibili Nespresso",
                "Peso=500 grammi",
                "Unità=100  capsula",
                "Istruzioni di conservazione=Conservare in luogo fresco e asciutto",
                "Origine=Italia",
                "Marca=Caffè Carracci",
                "Format=capsule_monodose",
                "Produttore=Co.ind s.c.",
                "ASIN=B01MXXDHW3",
                "Media recensioni=4.0 su 5 stelle\n      \n    \n  \n  \n  \n    \n      146 recensioni clienti",
                "Posizione nella classifica Bestseller di Amazon=n. 1.051 in Alimentari e cura della casa (Visualizza i Top 100 nella categoria Alimentari e cura della casa)\n \n\n\n\n\n\n\n.zg_hrsr { margin: 0; padding: 0; list-style-type: none; }\n.zg_hrsr_item { margin: 0 0 0 10px; }\n.zg_hrsr_rank { display: inline-block; width: 80px; text-align: right; }\n\n\n\n    \n    n.421\n    in Cialde e capsule di caffè",
                "Peso di spedizione=939 g",
                "Disponibile su Amazon.it a partire dal=12 dicembre 2016"
            ]
        },
        "SalesRank": 1051,
        "UPC": "",
        "EAN": "",
        "Prime": false,
        "ChildASIN": "",
        "Reviews": ""
    },
    {
        "ASIN": "B071K8LWXS",
        "Brand": "FRHOME",
        "Title": "FRHOME - Nescafè Dolce Gusto 96 Capsule compatibili – Il Caffè Italiano – Kit Degustazione Tour d’Italia con varie intensità",
        "Category": "",
        "Description": "",
        "WordCount": 0,
        "Rating": "4,3",
        "ListPrice": "25,00",
        "Price": "19,50",
        "Discount": "22%",
        "Shipping": 0,
        "TotalPrice": 0,
        "Stock": 0,
        "ParentASIN": "",
        "Available": false,
        "Fulfilled": false,
        "Thumbnail": "https://m.media-amazon.com/images/I/81g0YinNrYL._AC_UL320_ML3_.jpg",
        "URL": "https://www.amazon.it/capsule-degustazione-caffè-compatibili-macchina/dp/B071K8LWXS/ref=sr_1_60?__mk_it_IT=%25u00c5M%25u00c5%25u017d%25u00d5%25u00d1&amp;keywords=capsule+compatibili&amp;qid=1582034540&amp;refinements=p_76:490210031&amp;rnid=490209031&amp;rps=1&amp;sr=8-60",
        "Images": {
            "URL": [
                "https://images-na.ssl-images-amazon.com/images/I/81g0YinNrYL._AC_SL1500_.jpg",
                "https://images-na.ssl-images-amazon.com/images/I/71erWAn1rSL._AC_SL1500_.jpg",
                "https://images-na.ssl-images-amazon.com/images/I/814vnzWIdHL._AC_SL1500_.jpg",
                "https://images-na.ssl-images-amazon.com/images/I/91qUz7o4B-L._AC_SL1500_.jpg",
                "https://images-na.ssl-images-amazon.com/images/I/71DH69G3XrL._AC_SL1500_.jpg"
            ]
        },
        "Features": "",
        "TechnicalDetails": "",
        "ProductDetails": {
            "Description": [
                "Unità=96  Capsula",
                "Marca=FRHOME",
                "Format=Capsule",
                "Produttore=FRHOME",
                "Porzione=96 capsules",
                "ASIN=B071K8LWXS",
                "Media recensioni=4.4 su 5 stelle\n      \n    \n  \n  \n  \n    \n      191 recensioni clienti",
                "Posizione nella classifica Bestseller di Amazon=n. 52 in Alimentari e cura della casa (Visualizza i Top 100 nella categoria Alimentari e cura della casa)\n \n\n\n\n\n\n\n.zg_hrsr { margin: 0; padding: 0; list-style-type: none; }\n.zg_hrsr_item { margin: 0 0 0 10px; }\n.zg_hrsr_rank { display: inline-block; width: 80px; text-align: right; }\n\n\n\n    \n    n.35\n    in Cialde e capsule di caffè",
                "Peso di spedizione=1,5 Kg",
                "Disponibile su Amazon.it a partire dal=24 dicembre 2015"
            ]
        },
        "SalesRank": 52,
        "UPC": "",
        "EAN": "",
        "Prime": false,
        "ChildASIN": "",
        "Reviews": ""
    },
    {
        "ASIN": "B0767LTLDM",
        "Brand": "Caffè Cremeo",
        "Title": "Caffè Cremeo - 100 Capsule Compatibili con Sistema NESCAFE' DOLCE GUSTO - Miscela Magia Espresso Bar",
        "Category": "",
        "Description": "Taglia:<strong>100 CAPSULE</strong>\n \n \n \n \n \n \n \n\n\n \n \n \n\t \n \n\n \n \n \n \n \n \n \n \t\n \t\n \t\t\n \t\t\tMiscela Magia: il caffè che racchiude in ogni sorso la forza di un energico gusto deciso, per i veri amanti dell'espresso italiano",
        "WordCount": 46,
        "Rating": "4,1",
        "ListPrice": "23,00",
        "Price": "23,00",
        "Discount": "0%",
        "Shipping": 0,
        "TotalPrice": 0,
        "Stock": 0,
        "ParentASIN": "",
        "Available": false,
        "Fulfilled": false,
        "Thumbnail": "https://m.media-amazon.com/images/I/6152oZAcmqL._AC_UL320_ML3_.jpg",
        "URL": "https://www.amazon.it/Caffè-Cremeo-Capsule-Compatibili-Espresso/dp/B0767LTLDM/ref=sr_1_61?__mk_it_IT=%25u00c5M%25u00c5%25u017d%25u00d5%25u00d1&amp;keywords=capsule+compatibili&amp;qid=1582034540&amp;refinements=p_76:490210031&amp;rnid=490209031&amp;rps=1&amp;sr=8-61",
        "Images": {
            "URL": [
                "https://images-na.ssl-images-amazon.com/images/I/6152oZAcmqL._AC_SL1333_.jpg",
                "https://images-na.ssl-images-amazon.com/images/I/61kB4NkEAXL._AC_SL1500_.jpg",
                "https://images-na.ssl-images-amazon.com/images/I/61g6yzjvNiL._AC_SL1500_.jpg"
            ]
        },
        "Features": "",
        "TechnicalDetails": "",
        "ProductDetails": {
            "Description": [
                "Unità=100  unità",
                "Marca=Caffè Cremeo",
                "Format=Capsule monodose",
                "Specialty=senza zucchero aggiunto",
                "Produttore=Caffè Cremeo",
                "ASIN=B0767LTLDM",
                "Media recensioni=4.1 su 5 stelle\n      \n    \n  \n  \n  \n    \n      343 recensioni clienti",
                "Posizione nella classifica Bestseller di Amazon=n. 237 in Alimentari e cura della casa (Visualizza i Top 100 nella categoria Alimentari e cura della casa)\n \n\n\n\n\n\n\n.zg_hrsr { margin: 0; padding: 0; list-style-type: none; }\n.zg_hrsr_item { margin: 0 0 0 10px; }\n.zg_hrsr_rank { display: inline-block; width: 80px; text-align: right; }\n\n\n\n    \n    n.139\n    in Cialde e capsule di caffè",
                "Peso di spedizione=1,6 Kg",
                "Disponibile su Amazon.it a partire dal=5 ottobre 2017"
            ]
        },
        "SalesRank": 237,
        "UPC": "",
        "EAN": "",
        "Prime": false,
        "ChildASIN": "",
        "Reviews": ""
    },
    {
        "ASIN": "B079KF7D7T",
        "Brand": "",
        "Title": "128 capsule Ristora Te al Limone compatibili Lavazza A Modo Mio",
        "Category": "",
        "Description": "",
        "WordCount": 0,
        "Rating": "4,7",
        "ListPrice": "22,99",
        "Price": "22,99",
        "Discount": "0%",
        "Shipping": 0,
        "TotalPrice": 0,
        "Stock": 0,
        "ParentASIN": "",
        "Available": false,
        "Fulfilled": false,
        "Thumbnail": "https://m.media-amazon.com/images/I/41HbiQPvK6L._AC_UL320_ML3_.jpg",
        "URL": "https://www.amazon.it/capsule-Ristora-Limone-compatibili-Lavazza/dp/B079KF7D7T/ref=sr_1_62?__mk_it_IT=%25u00c5M%25u00c5%25u017d%25u00d5%25u00d1&amp;keywords=capsule+compatibili&amp;qid=1582034540&amp;refinements=p_76:490210031&amp;rnid=490209031&amp;rps=1&amp;sr=8-62",
        "Images": {
            "URL": "https://images-na.ssl-images-amazon.com/images/I/41HbiQPvK6L._AC_.jpg"
        },
        "Features": "",
        "TechnicalDetails": "",
        "ProductDetails": {
            "Description": [
                "Format=capsule_monodose",
                "ASIN=B079KF7D7T",
                "Media recensioni=4.7 su 5 stelle\n      \n    \n  \n  \n  \n    \n      101 recensioni clienti",
                "Posizione nella classifica Bestseller di Amazon=n. 117 in Alimentari e cura della casa (Visualizza i Top 100 nella categoria Alimentari e cura della casa)\n \n\n\n\n\n\n\n.zg_hrsr { margin: 0; padding: 0; list-style-type: none; }\n.zg_hrsr_item { margin: 0 0 0 10px; }\n.zg_hrsr_rank { display: inline-block; width: 80px; text-align: right; }\n\n\n\n    \n    n.73\n    in Cialde e capsule di caffè",
                "Peso di spedizione=1,8 Kg",
                "Disponibile su Amazon.it a partire dal=28 dicembre 2015"
            ]
        },
        "SalesRank": 117,
        "UPC": "",
        "EAN": "",
        "Prime": false,
        "ChildASIN": "",
        "Reviews": ""
    },
    {
        "ASIN": "B00C7N1QRO",
        "Brand": "Nescafé Dolce Gusto",
        "Title": "Nescafé Dolce Gusto Espresso Intenso, Caffè Espresso 6 Confezioni da 16 Capsule, 96 Capsule",
        "Category": "",
        "Description": "Descrizione\n \t\n \t\n \t\t\n \t\t\tScopri NESCAFÉ DOLCE GUSTO ESPRESSO INTENSO, nato dal bilanciato incontro tra l'intensità del caffè Robusta con fresche note estive di bacche rosse sprigionate dall'Arabica. Assapora un espresso vivace e corposo con note speziate e dalla generosa crema vellutata.\n\t\t\t\t \t\n\t\t\t\t\t\n \t\t\n \t\t\n \t\n \n \t\n \t\tIngredienti\n \t\n \t\n \t\t\n \t\t\tCaffè torrefatto e macinato\n\t\t\t\t \t\n\t\t\t\t\t\n \t\t\n \t\t\n \t\n \n \n \n \n \n \n Visualizza tutta la Descrizione prodotto",
        "WordCount": 71,
        "Rating": "4,6",
        "ListPrice": "35,34",
        "Price": "29,94",
        "Discount": "15%",
        "Shipping": 0,
        "TotalPrice": 0,
        "Stock": 0,
        "ParentASIN": "",
        "Available": false,
        "Fulfilled": false,
        "Thumbnail": "https://m.media-amazon.com/images/I/610UMjG4WeL._AC_UL320_ML3_.jpg",
        "URL": "https://www.amazon.it/NESCAFÉ-ESPRESSO-INTENSO-espresso-confezioni/dp/B00C7N1QRO/ref=sr_1_63?__mk_it_IT=%25u00c5M%25u00c5%25u017d%25u00d5%25u00d1&amp;keywords=capsule+compatibili&amp;qid=1582034540&amp;refinements=p_76:490210031&amp;rnid=490209031&amp;rps=1&amp;sr=8-63",
        "Images": {
            "URL": [
                "https://images-na.ssl-images-amazon.com/images/I/610UMjG4WeL._AC_SL1500_.jpg",
                "https://images-na.ssl-images-amazon.com/images/I/61v46O-RsFL._AC_SL1500_.jpg",
                "https://images-na.ssl-images-amazon.com/images/I/71MN%2BA9XdPL._AC_SL1500_.jpg",
                "https://images-na.ssl-images-amazon.com/images/I/61pi6nrU4vL._AC_SL1500_.jpg",
                "https://images-na.ssl-images-amazon.com/images/I/71DbjIYDcpL._AC_SL1500_.jpg",
                "https://images-na.ssl-images-amazon.com/images/I/710Wl2%2BR8VL._AC_SL1500_.jpg",
                "https://images-na.ssl-images-amazon.com/images/I/611smZQR6AL._AC_SL1500_.jpg",
                "https://images-na.ssl-images-amazon.com/images/I/61Qo8PhiL9L._AC_SL1500_.jpg"
            ]
        },
        "Features": "",
        "TechnicalDetails": "",
        "ProductDetails": {
            "Description": [
                "Nome del prodotto=ESPRESSO INTENSO caffè espresso 96 capsule (48 tazze)",
                "Unità=96  unità",
                "Istruzioni di conservazione=Confezionato in atmosfera protettiva. Conservare in luogo asciutto e lontano da fonti di calore.",
                "Origine=Germania",
                "Marca=Nescafé Dolce Gusto",
                "Format=capsule_monodose",
                "Produttore=Nestlé Italiana Spa",
                "ASIN=B00C7N1QRO",
                "Media recensioni=4.7 su 5 stelle\n      \n    \n  \n  \n  \n    \n      273 recensioni clienti",
                "Posizione nella classifica Bestseller di Amazon=n. 42 in Alimentari e cura della casa (Visualizza i Top 100 nella categoria Alimentari e cura della casa)\n \n\n\n\n\n\n\n.zg_hrsr { margin: 0; padding: 0; list-style-type: none; }\n.zg_hrsr_item { margin: 0 0 0 10px; }\n.zg_hrsr_rank { display: inline-block; width: 80px; text-align: right; }\n\n\n\n    \n    n.28\n    in Cialde e capsule di caffè",
                "Peso di spedizione=1,4 Kg",
                "Restrizioni di spedizione=Questo articolo è disponibile per l'esportazione in paesi selezionati al di fuori dell'Unione Europea.",
                "Disponibile su Amazon.it a partire dal=7 ottobre 2015"
            ]
        },
        "SalesRank": 42,
        "UPC": "",
        "EAN": "",
        "Prime": false,
        "ChildASIN": "",
        "Reviews": ""
    },
    {
        "ASIN": "B07BL5S8KF",
        "Brand": "POP CAFFE'",
        "Title": "100 capsule POP E-TUO CREMOSO compatibile AROMA VERO ,COOP FIOR FIORE .LUI CAFFE",
        "Category": "",
        "Description": "",
        "WordCount": 0,
        "Rating": "4,1",
        "ListPrice": "19,40",
        "Price": "19,40",
        "Discount": "0%",
        "Shipping": 0,
        "TotalPrice": 0,
        "Stock": 0,
        "ParentASIN": "",
        "Available": false,
        "Fulfilled": false,
        "Thumbnail": "https://m.media-amazon.com/images/I/61HISH14n3L._AC_UL320_ML3_.jpg",
        "URL": "https://www.amazon.it/POP-Caffè-TUO-CREMOSO-capsule/dp/B07BL5S8KF/ref=sr_1_64?__mk_it_IT=%25u00c5M%25u00c5%25u017d%25u00d5%25u00d1&amp;keywords=capsule+compatibili&amp;qid=1582034540&amp;refinements=p_76:490210031&amp;rnid=490209031&amp;rps=1&amp;sr=8-64",
        "Images": {
            "URL": [
                "https://images-na.ssl-images-amazon.com/images/I/61HISH14n3L._AC_SL1080_.jpg",
                "https://images-na.ssl-images-amazon.com/images/I/516uwRk%2BT4L._AC_SL1200_.jpg"
            ]
        },
        "Features": "",
        "TechnicalDetails": "",
        "ProductDetails": {
            "Description": [
                "Peso articolo=18,1 g",
                "Nome del prodotto=100 Capsule - Cremoso - Comp. Coop, Fiorfiore, Lui - Pop Caffè",
                "Peso=20 grammi",
                "Unità=100  capsule",
                "Istruzioni di conservazione=Conservare in Luogo fresco ed Asciutto",
                "Paese d'origine=Italia",
                "Marca=POP CAFFE'",
                "Format=Capsule monodose",
                "Regione di produzione=Sicilia",
                "Contenuto di caffeina=Con caffeina",
                "Produttore=SIMFED",
                "Porzione=100 capsules",
                "ASIN=B07BL5S8KF",
                "Media recensioni=4.1 su 5 stelle\n      \n    \n  \n  \n  \n    \n      138 recensioni clienti",
                "Posizione nella classifica Bestseller di Amazon=n. 146 in Alimentari e cura della casa (Visualizza i Top 100 nella categoria Alimentari e cura della casa)\n \n\n\n\n\n\n\n.zg_hrsr { margin: 0; padding: 0; list-style-type: none; }\n.zg_hrsr_item { margin: 0 0 0 10px; }\n.zg_hrsr_rank { display: inline-block; width: 80px; text-align: right; }\n\n\n\n    \n    n.92\n    in Cialde e capsule di caffè",
                "Peso di spedizione=1,2 Kg",
                "Disponibile su Amazon.it a partire dal=21 marzo 2018"
            ]
        },
        "SalesRank": 146,
        "UPC": "",
        "EAN": "",
        "Prime": false,
        "ChildASIN": "",
        "Reviews": ""
    },
    {
        "ASIN": "B07H9H3K5D",
        "Brand": "Lavazza",
        "Title": "200 capsule caffè Lavazza compatibili NESPRESSO MISCELA DECISO",
        "Category": "",
        "Description": "Ogni articolo in più acquistato da BELOTTI DISTRIBUTION solo un euro di trasporto in più. Acquistane 2 e risparmi parecchio! Capsule di caffè torrefatto macinato confezionate in atmosfera protettiva salva aroma Tostatura nobile e scura Macchine compatibili KRUPS INISSIA KRUPS CITIZ & CO KRUPS CITIZ & MILK KRUPS CITIZ KRUPS ESSENZA KRUPS MAESTRIA KRUPS PIXIE KRUPS CUBE KRUPS U PURE DE LONGHI CITIZ & MILK DE LONGHI CITIZ DE LONGHI ESSENZA DE LONGHI LATTISSIMA PREMIUM DE LONGHI LATTISSIMA DE LONGHI PIXIE DE LONGHI U ESPRESSINA POLTI ESPRESSO1882",
        "WordCount": 87,
        "Rating": "4,4",
        "ListPrice": "37,49",
        "Price": "36,00",
        "Discount": "4%",
        "Shipping": 0,
        "TotalPrice": 0,
        "Stock": 0,
        "ParentASIN": "",
        "Available": false,
        "Fulfilled": false,
        "Thumbnail": "https://m.media-amazon.com/images/I/61uXT9QPViL._AC_UL320_ML3_.jpg",
        "URL": "https://www.amazon.it/capsule-Lavazza-compatibili-NESPRESSO-MISCELA/dp/B07H9H3K5D/ref=sr_1_65?__mk_it_IT=%25u00c5M%25u00c5%25u017d%25u00d5%25u00d1&amp;keywords=capsule+compatibili&amp;qid=1582034540&amp;refinements=p_76:490210031&amp;rnid=490209031&amp;rps=1&amp;sr=8-65",
        "Images": {
            "URL": [
                "https://images-na.ssl-images-amazon.com/images/I/61uXT9QPViL._AC_SL1303_.jpg",
                "https://images-na.ssl-images-amazon.com/images/I/419p4VV1KvL._AC_.jpg"
            ]
        },
        "Features": "",
        "TechnicalDetails": "",
        "ProductDetails": {
            "Description": [
                "Unità=200  unità",
                "Marca=Lavazza",
                "Format=Capsule monodose",
                "Produttore=LAVAZZA",
                "ASIN=B07H9H3K5D",
                "Media recensioni=4.4 su 5 stelle\n      \n    \n  \n  \n  \n    \n      60 recensioni clienti",
                "Posizione nella classifica Bestseller di Amazon=n. 178 in Alimentari e cura della casa (Visualizza i Top 100 nella categoria Alimentari e cura della casa)\n \n\n\n\n\n\n\n.zg_hrsr { margin: 0; padding: 0; list-style-type: none; }\n.zg_hrsr_item { margin: 0 0 0 10px; }\n.zg_hrsr_rank { display: inline-block; width: 80px; text-align: right; }\n\n\n\n    \n    n.112\n    in Cialde e capsule di caffè",
                "Peso di spedizione=1,7 Kg",
                "Disponibile su Amazon.it a partire dal=3 settembre 2018"
            ]
        },
        "SalesRank": 178,
        "UPC": "",
        "EAN": "",
        "Prime": false,
        "ChildASIN": "",
        "Reviews": ""
    },
    {
        "ASIN": "B07BFB59SF",
        "Brand": "Lavazza A Modo Mio",
        "Title": "Lavazza Capsule Caffè A Modo Mio Espresso Passionale - 5 confezioni da 36 capsule [180 capsule]",
        "Category": "",
        "Description": "Descrizione\n \t\n \t\n \t\t\n \t\t\tCapsule A Modo Mio Espresso Passionale L’espresso dell’antica tradizione italiana, adatto per preparazioni con latte Da Arabica brasiliane, asiatiche e centro-sud americane, un espresso dal gusto intenso e armonioso, che ama presentarsi \nleggermente caramellato e con note di cioccolato. 100% Arabica Origine: Brasile, India Tostatura scura Intensità 11 (molto intenso) Gusto avvolgente e caldo Note aromatiche di caramello e cioccolato Crema ambrata e colore scuro 5 confezioni da 36 capsule monodose di caffè macinato per macchine Lavazza Capsule A Modo Mio (180 capsule) Dal 1895 la storia di Lavazza è quella di un'azienda che da oltre 120 anni persegue una visione d'impresa in cui sono centrali \nla passione per il lavoro, per il prodotto e per il territorio in cui opera. \nConoscenza del prodotto, sostenibilità e innovazione, sono i valori attraverso cui Lavazza condivide la cultura del caffè, \nespressa in ognuna delle 27 miliardi di tazzine servite ogni anno nel mondo.\n\t\t\t\t \t\n\t\t\t\t\t\n \t\t\n \t\t\n \t\n \n \t\n \t\tIngredienti\n \t\n \t\n \t\t\n \t\t\tCaffè\n\t\t\t\t \t\n\t\t\t\t\t\n \t\t\n \t\t\n \t\n \n \n \n \n \n \n Visualizza tutta la Descrizione prodotto",
        "WordCount": 181,
        "Rating": "4,7",
        "ListPrice": "38,99",
        "Price": "35,89",
        "Discount": "8%",
        "Shipping": 0,
        "TotalPrice": 0,
        "Stock": 0,
        "ParentASIN": "",
        "Available": false,
        "Fulfilled": false,
        "Thumbnail": "https://m.media-amazon.com/images/I/81NyAU6pqOL._AC_UL320_ML3_.jpg",
        "URL": "https://www.amazon.it/Lavazza-Modo-Mio-Espresso-Passionale/dp/B07BFB59SF/ref=sr_1_66?__mk_it_IT=%25u00c5M%25u00c5%25u017d%25u00d5%25u00d1&amp;keywords=capsule+compatibili&amp;qid=1582034540&amp;refinements=p_76:490210031&amp;rnid=490209031&amp;rps=1&amp;sr=8-66",
        "Images": {
            "URL": [
                "https://images-na.ssl-images-amazon.com/images/I/81NyAU6pqOL._AC_SL1500_.jpg",
                "https://images-na.ssl-images-amazon.com/images/I/81oYaN8UJHL._AC_SL1500_.jpg",
                "https://images-na.ssl-images-amazon.com/images/I/71FCTJvwT6L._AC_SL1500_.jpg",
                "https://images-na.ssl-images-amazon.com/images/I/71U9t6rKZdL._AC_SL1500_.jpg",
                "https://images-na.ssl-images-amazon.com/images/I/71kRaaNMISL._AC_SL1500_.jpg",
                "https://images-na.ssl-images-amazon.com/images/I/81mOl-7NfuL._AC_SL1500_.jpg"
            ]
        },
        "Features": "",
        "TechnicalDetails": "",
        "ProductDetails": {
            "Description": [
                "Unità=180  unità",
                "Marca=Lavazza A Modo Mio",
                "Format=Capsule monodose",
                "Produttore=Lavazza",
                "ASIN=B07BFB59SF",
                "Media recensioni=4.7 su 5 stelle\n      \n    \n  \n  \n  \n    \n      475 recensioni clienti",
                "Posizione nella classifica Bestseller di Amazon=n. 27 in Alimentari e cura della casa (Visualizza i Top 100 nella categoria Alimentari e cura della casa)\n \n\n\n\n\n\n\n.zg_hrsr { margin: 0; padding: 0; list-style-type: none; }\n.zg_hrsr_item { margin: 0 0 0 10px; }\n.zg_hrsr_rank { display: inline-block; width: 80px; text-align: right; }\n\n\n\n    \n    n.21\n    in Cialde e capsule di caffè",
                "Peso di spedizione=1,8 Kg",
                "Disponibile su Amazon.it a partire dal=20 marzo 2018"
            ]
        },
        "SalesRank": 27,
        "UPC": "",
        "EAN": "",
        "Prime": false,
        "ChildASIN": "",
        "Reviews": ""
    },
    {
        "ASIN": "B07G1GDQXK",
        "Brand": "Crastan",
        "Title": "Crastan Capsule Orzo Biologico Compatibili Nespresso - Confezioni da 6 x 15 capsule ( 90 capsule)",
        "Category": "",
        "Description": "Nome sapore:<strong>Orzo Biologico</strong>\n \n \n \n \n \n  | \n \n Numero unità:<strong>90</strong>\n \n \n \n \n \n \n \n\n\n \n \n \n\t \n \n\n \n \n \n \n \n \n \n \t\n \t\tDescrizione\n \t\n \t\n \t\t\n \t\t\tCrastan capsule orzo biologico compatibili con macchine Nespresso. L'espresso d'orzo è un'ottima alternativa al caffè, privo di caffeina e di zuccheri. Modo d'uso: una capsula per una tazza di caffè d'orzo (50 ml), la quantità di acqua dipende del gusto desiderato.\n\t\t\t\t \t\n\t\t\t\t\t\n \t\t\n \t\t\n \t\n \n \t\n \t\tIngredienti\n \t\n \t\n \t\t\n \t\t\tOrzo biologico\n\t\t\t\t \t\n\t\t\t\t\t\n \t\t\n \t\t\n \t\n \n \n \n \n \n \n Visualizza tutta la Descrizione prodotto",
        "WordCount": 104,
        "Rating": "4,5",
        "ListPrice": "20,67",
        "Price": "20,51",
        "Discount": "1%",
        "Shipping": 0,
        "TotalPrice": 0,
        "Stock": 0,
        "ParentASIN": "",
        "Available": false,
        "Fulfilled": false,
        "Thumbnail": "https://m.media-amazon.com/images/I/81lbkksZLkL._AC_UL320_ML3_.jpg",
        "URL": "https://www.amazon.it/Crastan-Capsule-Compatibili-Nespresso-confezioni/dp/B07G1GDQXK/ref=sr_1_67?__mk_it_IT=%25u00c5M%25u00c5%25u017d%25u00d5%25u00d1&amp;keywords=capsule+compatibili&amp;qid=1582034540&amp;refinements=p_76:490210031&amp;rnid=490209031&amp;rps=1&amp;sr=8-67",
        "Images": {
            "URL": [
                "https://images-na.ssl-images-amazon.com/images/I/81lbkksZLkL._AC_SL1500_.jpg",
                "https://images-na.ssl-images-amazon.com/images/I/710RQ7imRSL._AC_SL1000_.jpg",
                "https://images-na.ssl-images-amazon.com/images/I/71xQoafJV6L._AC_SL1000_.jpg",
                "https://images-na.ssl-images-amazon.com/images/I/71FZx1drYuL._AC_SL1000_.jpg"
            ]
        },
        "Features": "",
        "TechnicalDetails": "",
        "ProductDetails": {
            "Description": [
                "Peso articolo=689 g",
                "Nome del prodotto=Capsule Compatibili Nespresso Orzo Biologico",
                "Unità=90  cialda",
                "Istruzioni di conservazione=Conservare in luogo fresco e asciutto",
                "Origine=Italia",
                "Marca=Crastan",
                "Format=Capsule monodose",
                "Produttore=Crastan",
                "ASIN=B07G1GDQXK",
                "Media recensioni=4.5 su 5 stelle\n      \n    \n  \n  \n  \n    \n      203 recensioni clienti",
                "Posizione nella classifica Bestseller di Amazon=n. 102 in Alimentari e cura della casa (Visualizza i Top 100 nella categoria Alimentari e cura della casa)\n \n\n\n\n\n\n\n.zg_hrsr { margin: 0; padding: 0; list-style-type: none; }\n.zg_hrsr_item { margin: 0 0 0 10px; }\n.zg_hrsr_rank { display: inline-block; width: 80px; text-align: right; }\n\n\n\n    \n    n.63\n    in Cialde e capsule di caffè",
                "Peso di spedizione=699 g",
                "Disponibile su Amazon.it a partire dal=9 luglio 2018"
            ]
        },
        "SalesRank": 102,
        "UPC": "",
        "EAN": "",
        "Prime": false,
        "ChildASIN": "",
        "Reviews": ""
    },
    {
        "ASIN": "B01IBSB2P4",
        "Brand": "Pellini",
        "Title": "Pellini Caffè - Espresso Pellini Luxury Coffee Magnifico (12 Astucci da 10 Capsule, Totale 120 Capsule), Compatibili Nespresso",
        "Category": "",
        "Description": "Nome stile:<strong>Luxury Magnifico</strong>\n \n \n \n \n \n \n \n\n\n \n \n \n\t \n \n\n \n \n \n \n \n \n \n \t\n \t\tDescrizione\n \t\n \t\n \t\t\n \t\t\t Ogni Giorno un Espresso da Sogno\n Basta un espresso Pellini per rendere particolare e inconfondibile ogni momento di pausa. Ogni espresso racchiude tutta l’esperienza Pellini, fatta di storia, tradizione e competenza nel creare miscele di qualità superiore. L’espresso è un rito che scandisce le nostre giornate, ma cos’è che lo rende ogni volta speciale? Autenticità e passione: è così che nascono le pregiate miscele Pellini dedicate agli specialisti del mondo del bar e che oggi puoi assaporare anche a casa con l’intera gamma Pellini. Rendi particolare e inconfondibile l’esperienza di un rito quotidiano. \n\n L'Analisi Sensoriale, un Metodo di Lavoro\n Pellini è tra le prime aziende italiane ad aver introdotto un sistema di qualità e di analisi sensoriale sul prodotto attraverso un'equipe di qualificati degustatori. Un panel di esperti giudici che rigorosamente testano e degustano le miscele, nelle diverse modalità di erogazione, per assicurare la costanza del gusto e il rispetto dei più elevati standard di mercato. \n\n Caffè Pellini\n Dalla storica passione della famiglia Pellini l’eccellenza dell’espresso italiano. Miscele di caffè superiori per aroma e gusto studiate per un consumatore sempre più evoluto ed internazionale. Una marca che nel mondo del caffè è sinonimo di alta specializzazione e istintività. Un’azienda che è riuscita a crescere investendo in qualità, soddisfacendo milioni di consumatori interessati al suo caffè dal particolare e inconfondibile aroma. Pellini è l’espresso apprezzato nelle migliori caffetterie e famiglie italiane: il caffè che trasforma un momento di pausa in un’esperienza da sogno. \n\t\t\t\t \t\n\t\t\t\t\t\n \t\t\n \t\t\n \t\n \n \t\n \t\tContenuto della confezione\n \t\n \t\n \t\t\n \t\t\tOgni confezione contiene 10 capsule compatibili con macchine nespresso; il marchio non è di proprietà di Pellini caffè s.p.a; né di aziende ad essa collegate",
        "WordCount": 310,
        "Rating": "4,1",
        "ListPrice": "51,48",
        "Price": "40,34",
        "Discount": "22%",
        "Shipping": 0,
        "TotalPrice": 0,
        "Stock": 0,
        "ParentASIN": "",
        "Available": false,
        "Fulfilled": false,
        "Thumbnail": "https://m.media-amazon.com/images/I/81Zil7N1v0L._AC_UL320_ML3_.jpg",
        "URL": "https://www.amazon.it/Pellini-Magnifico-Espresso-Arabica-astucci/dp/B01IBSB2P4/ref=sr_1_68?__mk_it_IT=%25u00c5M%25u00c5%25u017d%25u00d5%25u00d1&amp;keywords=capsule+compatibili&amp;qid=1582034540&amp;refinements=p_76:490210031&amp;rnid=490209031&amp;rps=1&amp;sr=8-68",
        "Images": {
            "URL": [
                "https://images-na.ssl-images-amazon.com/images/I/81Zil7N1v0L._AC_SL1500_.jpg",
                "https://images-na.ssl-images-amazon.com/images/I/71ATVba8OjL._AC_SL1485_.jpg",
                "https://images-na.ssl-images-amazon.com/images/I/71Ti2dIwnVL._AC_SL1500_.jpg",
                "https://images-na.ssl-images-amazon.com/images/I/71FQTynfaiL._AC_SL1500_.jpg",
                "https://images-na.ssl-images-amazon.com/images/I/81VCX4JgnCL._AC_SL1500_.jpg",
                "https://images-na.ssl-images-amazon.com/images/I/81zP0XUJhWL._AC_SL1500_.jpg",
                "https://images-na.ssl-images-amazon.com/images/I/71GvMlI3TRL._AC_SL1500_.jpg",
                "https://images-na.ssl-images-amazon.com/images/I/71NUfwA9wGL._AC_SL1500_.jpg"
            ]
        },
        "Features": "",
        "TechnicalDetails": "",
        "ProductDetails": {
            "Description": [
                "Peso articolo=1,2 Kg",
                "Nome del prodotto=Capsule Pellini Luxury Coffee Magnifico",
                "Unità=120  cialda",
                "Origine=Italia",
                "Marca=Pellini",
                "Format=capsule_monodose",
                "Produttore=Pellini Caffè",
                "ASIN=B01IBSB2P4",
                "Media recensioni=4.0 su 5 stelle\n      \n    \n  \n  \n  \n    \n      278 recensioni clienti",
                "Posizione nella classifica Bestseller di Amazon=n. 2.242 in Alimentari e cura della casa (Visualizza i Top 100 nella categoria Alimentari e cura della casa)\n \n\n\n\n\n\n\n.zg_hrsr { margin: 0; padding: 0; list-style-type: none; }\n.zg_hrsr_item { margin: 0 0 0 10px; }\n.zg_hrsr_rank { display: inline-block; width: 80px; text-align: right; }\n\n\n\n    \n    n.702\n    in Cialde e capsule di caffè",
                "Peso di spedizione=1,3 Kg",
                "Restrizioni di spedizione=Questo articolo è disponibile per l'esportazione in paesi selezionati al di fuori dell'Unione Europea.",
                "Disponibile su Amazon.it a partire dal=4 settembre 2016"
            ]
        },
        "SalesRank": 2242,
        "UPC": "",
        "EAN": "",
        "Prime": false,
        "ChildASIN": "",
        "Reviews": ""
    },
    {
        "ASIN": "B07GP5Q6QT",
        "Brand": "Caffe' Corsini",
        "Title": "Caffè Corsini - Classico Italiano Miscela di Caffè in Capsule Compatibili Nespresso*, Gusto Forte e Deciso - Confezione da 100 capsule",
        "Category": "",
        "Description": "Taglia:<strong>100 Capsule</strong>\n \n \n \n \n \n \n \n\n\n \n \n \n\t \n \n\n \n \n \n \n \n \n \n \t\n \t\tDescrizione\n \t\n \t\n \t\t\n \t\t\tLa Confezione contiene 100 capsule monodose da 5,2 grammi di caffè tostato e macinato, confezionate in atmosfera protettiva.  \n\n La miscela Classico italiano ha un gusto deciso ed avvolgente, ottima per chi cerca a casa un espresso cremoso e profumato come quello del bar.\n\t\t\t\t \t\n\t\t\t\t\t\n \t\t\n \t\t\n \t\n \n \t\n \t\tIngredienti\n \t\n \t\n \t\t\n \t\t\tCaffè torrefatto e macinato\n\t\t\t\t \t\n\t\t\t\t\t\n \t\t\n \t\t\n \t\n \n \n \n \n \n \n Visualizza tutta la Descrizione prodotto",
        "WordCount": 99,
        "Rating": "3,5",
        "ListPrice": "17,90",
        "Price": "13,49",
        "Discount": "25%",
        "Shipping": 0,
        "TotalPrice": 0,
        "Stock": 0,
        "ParentASIN": "",
        "Available": false,
        "Fulfilled": false,
        "Thumbnail": "https://m.media-amazon.com/images/I/81dNh60XsZL._AC_UL320_ML3_.jpg",
        "URL": "https://www.amazon.it/Caffe-Corsini-Capsule-Compatibili-Nespresso/dp/B07GP5Q6QT/ref=sr_1_73?__mk_it_IT=%25u00c5M%25u00c5%25u017d%25u00d5%25u00d1&amp;keywords=capsule+compatibili&amp;qid=1582034540&amp;refinements=p_76:490210031&amp;rnid=490209031&amp;rps=1&amp;sr=8-73",
        "Images": {
            "URL": [
                "https://images-na.ssl-images-amazon.com/images/I/81dNh60XsZL._AC_SL1500_.jpg",
                "https://images-na.ssl-images-amazon.com/images/I/81vmY4eo78L._AC_SL1500_.jpg",
                "https://images-na.ssl-images-amazon.com/images/I/91KlBfN2uHL._AC_SL1500_.jpg",
                "https://images-na.ssl-images-amazon.com/images/I/31m4EVzrvtL._AC_.jpg"
            ]
        },
        "Features": "",
        "TechnicalDetails": "",
        "ProductDetails": {
            "Description": [
                "Peso articolo=522 g",
                "Nome del prodotto=Capsule Compatibili Nespresso",
                "Allergeni=Contiene: Privo di Orzo",
                "Peso=1 grammi",
                "Unità=100  capsula",
                "Istruzioni di conservazione=conservare in luogo fresco e asciutto",
                "Origine=Italia",
                "Marca=Caffe' Corsini",
                "Format=Capsule monodose",
                "Age Range Description=0_to_3_months",
                "Produttore=Corsino Corsini S.p.a.",
                "ASIN=B07GP5Q6QT",
                "Media recensioni=3.2 su 5 stelle\n      \n    \n  \n  \n  \n    \n      12 recensioni clienti",
                "Posizione nella classifica Bestseller di Amazon=n. 272 in Alimentari e cura della casa (Visualizza i Top 100 nella categoria Alimentari e cura della casa)\n \n\n\n\n\n\n\n.zg_hrsr { margin: 0; padding: 0; list-style-type: none; }\n.zg_hrsr_item { margin: 0 0 0 10px; }\n.zg_hrsr_rank { display: inline-block; width: 80px; text-align: right; }\n\n\n\n    \n    n.158\n    in Cialde e capsule di caffè",
                "Peso di spedizione=762 g",
                "Disponibile su Amazon.it a partire dal=23 luglio 2018"
            ]
        },
        "SalesRank": 272,
        "UPC": "",
        "EAN": "",
        "Prime": false,
        "ChildASIN": "",
        "Reviews": ""
    },
    {
        "ASIN": "B073VLC6K4",
        "Brand": "POP CAFFE'",
        "Title": "50 CAPSULE E-TUO COMPATIBILI FIOR FIORE COOP E LUI ESPRESSO MISCELA 2 CREMOSO",
        "Category": "",
        "Description": "",
        "WordCount": 0,
        "Rating": "4,2",
        "ListPrice": "12,50",
        "Price": "12,50",
        "Discount": "0%",
        "Shipping": 0,
        "TotalPrice": 0,
        "Stock": 0,
        "ParentASIN": "",
        "Available": false,
        "Fulfilled": false,
        "Thumbnail": "https://m.media-amazon.com/images/I/61HISH14n3L._AC_UL320_ML3_.jpg",
        "URL": "https://www.amazon.it/POP-Caffè-TUO-CREMOSO-capsule/dp/B073VLC6K4/ref=sr_1_74?__mk_it_IT=%25u00c5M%25u00c5%25u017d%25u00d5%25u00d1&amp;keywords=capsule+compatibili&amp;qid=1582034540&amp;refinements=p_76:490210031&amp;rnid=490209031&amp;rps=1&amp;sr=8-74",
        "Images": {
            "URL": [
                "https://images-na.ssl-images-amazon.com/images/I/61HISH14n3L._AC_SL1080_.jpg",
                "https://images-na.ssl-images-amazon.com/images/I/516uwRk%2BT4L._AC_SL1200_.jpg"
            ]
        },
        "Features": "",
        "TechnicalDetails": "",
        "ProductDetails": {
            "Description": [
                "Peso articolo=599 g",
                "Nome del prodotto=Capsule E-Tuo Compatibili Fior Fiore Coop E Lui Espresso Miscela 2 Cremoso",
                "Peso=600 grammi",
                "Unità=50  cialda",
                "Istruzioni di conservazione=Conservare in luogo fresco e asciutto",
                "Paese d'origine=Italy",
                "Origine=Italia",
                "Marca=POP CAFFE'",
                "Format=Capsule",
                "Contenuto di caffeina=Con caffeina",
                "Produttore=Simfed Srl",
                "ASIN=B073VLC6K4",
                "Media recensioni=4.2 su 5 stelle\n      \n    \n  \n  \n  \n    \n      41 recensioni clienti",
                "Posizione nella classifica Bestseller di Amazon=n. 2.087 in Alimentari e cura della casa (Visualizza i Top 100 nella categoria Alimentari e cura della casa)\n \n\n\n\n\n\n\n.zg_hrsr { margin: 0; padding: 0; list-style-type: none; }\n.zg_hrsr_item { margin: 0 0 0 10px; }\n.zg_hrsr_rank { display: inline-block; width: 80px; text-align: right; }\n\n\n\n    \n    n.673\n    in Cialde e capsule di caffè",
                "Peso di spedizione=739 g",
                "Disponibile su Amazon.it a partire dal=10 luglio 2017"
            ]
        },
        "SalesRank": 2087,
        "UPC": "",
        "EAN": "",
        "Prime": false,
        "ChildASIN": "",
        "Reviews": ""
    },
    {
        "ASIN": "B00VARW8JI",
        "Brand": "LOLLO",
        "Title": "100 capsule PASSIONESPRESSO NERA LOLLO CAFFE' compatibili Nespresso",
        "Category": "",
        "Description": "100 Capsule Lollo Caffe Miscela Nero Espresso PassioNespresso compatibili Nespresso: il caffè per eccellenza, ricco di gusto e aromi persistenti, una schiuma morbida ed una corposità incredibilmente deliziosa. In una compatibile Nespresso!",
        "WordCount": 32,
        "Rating": "4,3",
        "ListPrice": "17,98",
        "Price": "17,98",
        "Discount": "0%",
        "Shipping": 0,
        "TotalPrice": 0,
        "Stock": 0,
        "ParentASIN": "",
        "Available": false,
        "Fulfilled": false,
        "Thumbnail": "https://m.media-amazon.com/images/I/41N0bTTV1tL._AC_UL320_ML3_.jpg",
        "URL": "https://www.amazon.it/capsule-PASSIONESPRESSO-LOLLO-compatibili-Nespresso/dp/B00VARW8JI/ref=sr_1_75?__mk_it_IT=%25u00c5M%25u00c5%25u017d%25u00d5%25u00d1&amp;keywords=capsule+compatibili&amp;qid=1582034540&amp;refinements=p_76:490210031&amp;rnid=490209031&amp;rps=1&amp;sr=8-75",
        "Images": {
            "URL": "https://images-na.ssl-images-amazon.com/images/I/41N0bTTV1tL._AC_SL1000_.jpg"
        },
        "Features": "",
        "TechnicalDetails": "",
        "ProductDetails": {
            "Description": [
                "Peso articolo=998 g",
                "Unità=100  unità",
                "Marca=LOLLO",
                "Format=capsule_monodose",
                "Produttore=Lollo",
                "ASIN=B00VARW8JI",
                "Media recensioni=4.2 su 5 stelle\n      \n    \n  \n  \n  \n    \n      189 recensioni clienti",
                "Posizione nella classifica Bestseller di Amazon=n. 167 in Alimentari e cura della casa (Visualizza i Top 100 nella categoria Alimentari e cura della casa)\n \n\n\n\n\n\n\n.zg_hrsr { margin: 0; padding: 0; list-style-type: none; }\n.zg_hrsr_item { margin: 0 0 0 10px; }\n.zg_hrsr_rank { display: inline-block; width: 80px; text-align: right; }\n\n\n\n    \n    n.104\n    in Cialde e capsule di caffè",
                "Peso di spedizione=1,2 Kg",
                "Disponibile su Amazon.it a partire dal=28 marzo 2015"
            ]
        },
        "SalesRank": 167,
        "UPC": "",
        "EAN": "",
        "Prime": false,
        "ChildASIN": "",
        "Reviews": ""
    },
    {
        "ASIN": "B075RBMQCB",
        "Brand": "Nescafé Dolce Gusto",
        "Title": "Nescafé Dolce Gusto Caffelatte, Caffè Con Latte 3 Confezioni da 16 Capsule, 48 Capsule",
        "Category": "",
        "Description": "Descrizione\n \t\n \t\n \t\t\n \t\t\tNESCAFÉ Dolce Gusto è il sistema multibevanda che ti permette di gustare più di 30 bevande calde e fredde tutte senza glutine. Puoi scegliere tra caffé espressi, caffé lunghi, cappuccino, latte macchiato, té, cioccolata e molto altro. Diventa artista della tua pausa caffè con NESCAFÉ Dolce Gusto.\n\t\t\t\t \t\n\t\t\t\t\t\n \t\t\n \t\t\n \t\n \n \t\n \t\tIngredienti\n \t\n \t\n \t\t\n \t\t\tLatte Intero in Polvere (73.7%), Caffè Solubile (24%), Stabilizzanti Fosfati di Potassio - Citrati di Sodio, Emulsionante Lecitine (di Soia).\n\t\t\t\t \t\n\t\t\t\t\t\n \t\t\n \t\t\n \t\n \n \n \n \n \n \n Visualizza tutta la Descrizione prodotto",
        "WordCount": 96,
        "Rating": "4,5",
        "ListPrice": "17,67",
        "Price": "14,97",
        "Discount": "15%",
        "Shipping": 0,
        "TotalPrice": 0,
        "Stock": 0,
        "ParentASIN": "",
        "Available": false,
        "Fulfilled": false,
        "Thumbnail": "https://m.media-amazon.com/images/I/71R1CdwfrZL._AC_UL320_ML3_.jpg",
        "URL": "https://www.amazon.it/NESCAFÉ-DOLCE-CAFFELATTE-confezioni-capsule/dp/B075RBMQCB/ref=sr_1_76?__mk_it_IT=%25u00c5M%25u00c5%25u017d%25u00d5%25u00d1&amp;keywords=capsule+compatibili&amp;qid=1582034540&amp;refinements=p_76:490210031&amp;rnid=490209031&amp;rps=1&amp;sr=8-76",
        "Images": {
            "URL": [
                "https://images-na.ssl-images-amazon.com/images/I/71R1CdwfrZL._AC_SL1500_.jpg",
                "https://images-na.ssl-images-amazon.com/images/I/711v-5ofqXL._AC_SL1500_.jpg",
                "https://images-na.ssl-images-amazon.com/images/I/71MN%2BA9XdPL._AC_SL1500_.jpg",
                "https://images-na.ssl-images-amazon.com/images/I/61kR2KnBBgL._AC_SL1500_.jpg",
                "https://images-na.ssl-images-amazon.com/images/I/71RJ2nCfVNL._AC_SL1500_.jpg",
                "https://images-na.ssl-images-amazon.com/images/I/71-SnW8ZqiL._AC_SL1500_.jpg",
                "https://images-na.ssl-images-amazon.com/images/I/61QALe%2BHMlL._AC_SL1500_.jpg",
                "https://images-na.ssl-images-amazon.com/images/I/71YH2y450YL._AC_SL1500_.jpg"
            ]
        },
        "Features": "",
        "TechnicalDetails": "",
        "ProductDetails": {
            "Description": [
                "Peso=480 grammi",
                "Unità=48  capsula",
                "Istruzioni di conservazione=Conservare in luogo asciutto e lontano da fonti di calore. Confezionato in atmosfera protettiva.",
                "Origine=Spagna",
                "Marca=Nescafé Dolce Gusto",
                "Format=Capsule monodose",
                "Produttore=Nestlé Italiana Spa",
                "Porzione=100 grammi",
                "Valore energetico (kJ)=1670 Kilojoule",
                "Valore energetico (kcal)=399.13 Kilocalorie",
                "Grassi=20 grammi",
                "di cui=",
                "- Saturi=12.5 grammi",
                "Carboidrati=29.4 grammi",
                "di cui=",
                "- Zuccheri=29.1 grammi",
                "Proteine=21.2 grammi",
                "ASIN=B075RBMQCB",
                "Media recensioni=4.6 su 5 stelle\n      \n    \n  \n  \n  \n    \n      47 recensioni clienti",
                "Posizione nella classifica Bestseller di Amazon=n. 186 in Alimentari e cura della casa (Visualizza i Top 100 nella categoria Alimentari e cura della casa)\n \n\n\n\n\n\n\n.zg_hrsr { margin: 0; padding: 0; list-style-type: none; }\n.zg_hrsr_item { margin: 0 0 0 10px; }\n.zg_hrsr_rank { display: inline-block; width: 80px; text-align: right; }\n\n\n\n    \n    n.117\n    in Cialde e capsule di caffè",
                "Peso di spedizione=821 g",
                "Disponibile su Amazon.it a partire dal=19 settembre 2017"
            ]
        },
        "SalesRank": 186,
        "UPC": "",
        "EAN": "",
        "Prime": false,
        "ChildASIN": "",
        "Reviews": ""
    },
    {
        "ASIN": "B07NZ15GHH",
        "Brand": "BARBARO",
        "Title": "100 CAPSULE AROMA VERO FIOR FIORE BARBARO CAFFE' CREMOSO NAPOLI MISCELA BLU",
        "Category": "",
        "Description": "La miscela cremoso Napoli Blu ha il tipico gusto napoletano cremoso e corposo, di un' intensità unica ed impareggiabile compatibile con Sistema , AROMA VERO, MARTELLO, FIOR FIORE COOP, MITACA M9, LUI ESPRESSO",
        "WordCount": 33,
        "Rating": 4,
        "ListPrice": "17,90",
        "Price": "17,90",
        "Discount": "0%",
        "Shipping": 0,
        "TotalPrice": 0,
        "Stock": 0,
        "ParentASIN": "",
        "Available": false,
        "Fulfilled": false,
        "Thumbnail": "https://m.media-amazon.com/images/I/51-l1LW41qL._AC_UL320_ML3_.jpg",
        "URL": "https://www.amazon.it/CAPSULE-BARBARO-CREMOSO-NAPOLI-MISCELA/dp/B07NZ15GHH/ref=sr_1_77?__mk_it_IT=%25u00c5M%25u00c5%25u017d%25u00d5%25u00d1&amp;keywords=capsule+compatibili&amp;qid=1582034540&amp;refinements=p_76:490210031&amp;rnid=490209031&amp;rps=1&amp;sr=8-77",
        "Images": {
            "URL": [
                "https://images-na.ssl-images-amazon.com/images/I/51-l1LW41qL._AC_.jpg",
                "https://images-na.ssl-images-amazon.com/images/I/51cOV%2BTE-NL._AC_.jpg",
                "https://images-na.ssl-images-amazon.com/images/I/41BC60IN7aL._AC_.jpg"
            ]
        },
        "Features": "",
        "TechnicalDetails": "",
        "ProductDetails": {
            "Description": [
                "Unità=100  bustina monodose",
                "Marca=BARBARO",
                "Format=Capsule monodose",
                "Produttore=Nutis",
                "ASIN=B07NZ15GHH",
                "Media recensioni=3.7 su 5 stelle\n      \n    \n  \n  \n  \n    \n      57 recensioni clienti",
                "Posizione nella classifica Bestseller di Amazon=n. 474 in Alimentari e cura della casa (Visualizza i Top 100 nella categoria Alimentari e cura della casa)\n \n\n\n\n\n\n\n.zg_hrsr { margin: 0; padding: 0; list-style-type: none; }\n.zg_hrsr_item { margin: 0 0 0 10px; }\n.zg_hrsr_rank { display: inline-block; width: 80px; text-align: right; }\n\n\n\n    \n    n.242\n    in Cialde e capsule di caffè",
                "Peso di spedizione=1,2 Kg",
                "Disponibile su Amazon.it a partire dal=21 febbraio 2019"
            ]
        },
        "SalesRank": 474,
        "UPC": "",
        "EAN": "",
        "Prime": false,
        "ChildASIN": "",
        "Reviews": ""
    },
    {
        "ASIN": "B075FYCLD7",
        "Brand": "POP CAFFE'",
        "Title": "NESCAFE DOLCE GUSTO COMPATIBILE 96 capsule POP CAFFÈ E-GUSTO M. 2 CREMOSO cialde",
        "Category": "",
        "Description": "Numero di articoli:<strong>96</strong>\n \n \n \n \n \n \n \n\n\n \n \n \n\t \n \n\n \n \n \n \n \n \n \n \t\n \t\tDescrizione\n \t\n \t\n \t\t\n \t\t\t96 capsule compatibili dolce gusto, pop caffè, miscela cremsoso. 6 prratiche confezioni da 16 capsule cadauna.\n\t\t\t\t \t\n\t\t\t\t\t\n \t\t\n \t\t\n \t\n \n \t\n \t\tIngredienti\n \t\n \t\n \t\t\n \t\t\tCaffè\n\t\t\t\t \t\n\t\t\t\t\t\n \t\t\n \t\t\n \t\n \n \n \n \n \n \n Visualizza tutta la Descrizione prodotto",
        "WordCount": 69,
        "Rating": "4,2",
        "ListPrice": "24,80",
        "Price": "22,00",
        "Discount": "11%",
        "Shipping": 0,
        "TotalPrice": 0,
        "Stock": 0,
        "ParentASIN": "",
        "Available": false,
        "Fulfilled": false,
        "Thumbnail": "https://m.media-amazon.com/images/I/61WrLUbphFL._AC_UL320_ML3_.jpg",
        "URL": "https://www.amazon.it/NESCAFE-COMPATIBILE-capsule-POP-CREMOSO/dp/B075FYCLD7/ref=sr_1_78?__mk_it_IT=%25u00c5M%25u00c5%25u017d%25u00d5%25u00d1&amp;keywords=capsule+compatibili&amp;qid=1582034540&amp;refinements=p_76:490210031&amp;rnid=490209031&amp;rps=1&amp;sr=8-78",
        "Images": {
            "URL": "https://images-na.ssl-images-amazon.com/images/I/61WrLUbphFL._AC_SL1000_.jpg"
        },
        "Features": "",
        "TechnicalDetails": "",
        "ProductDetails": {
            "Description": [
                "Peso articolo=1,2 Kg",
                "Nome del prodotto=DOLCE GUSTO COMPATIBILI 96 CAPSULE POP CAFFE' CREMOSO",
                "Unità=96  unità",
                "Istruzioni di conservazione=Conservare in luogo fresco e asciutto",
                "Paese d'origine=Italy",
                "Marca=POP CAFFE'",
                "Format=Capsule",
                "Contenuto di caffeina=Con caffeina",
                "Produttore=POP CAFFE'",
                "ASIN=B075FYCLD7",
                "Media recensioni=4.1 su 5 stelle\n      \n    \n  \n  \n  \n    \n      524 recensioni clienti",
                "Posizione nella classifica Bestseller di Amazon=n. 199 in Alimentari e cura della casa (Visualizza i Top 100 nella categoria Alimentari e cura della casa)\n \n\n\n\n\n\n\n.zg_hrsr { margin: 0; padding: 0; list-style-type: none; }\n.zg_hrsr_item { margin: 0 0 0 10px; }\n.zg_hrsr_rank { display: inline-block; width: 80px; text-align: right; }\n\n\n\n    \n    n.136\n    in Caffè e espresso",
                "Peso di spedizione=1,6 Kg",
                "Disponibile su Amazon.it a partire dal=9 luglio 2017"
            ]
        },
        "SalesRank": 199,
        "UPC": "",
        "EAN": "",
        "Prime": false,
        "ChildASIN": "",
        "Reviews": ""
    },
    {
        "ASIN": "B06Y1CDL58",
        "Brand": "ITALIAN COFFEE FOR ESPRESSO LOVERS",
        "Title": "96 capsule Italian Coffee Caffè DejaVu CREMOSO compatibili Sistemi Caffitaly System-Professional-Coffee For You*(12cps. * 8 sacchetti)",
        "Category": "",
        "Description": "Nome stile:<strong>Dejavu Cremoso</strong>\n \n \n \n \n \n \n \n\n\n \n \n \n\t \n \n\n \n \n \n \n \n \n \n \t\n \t\n \t\t\n \t\t\t8 confezioni di capsule di caffè compatibili con macchine Caffitaly ad uso domestico (96 capsule). Miscela 60% Arabica Brasiliani e 40% Robusta Africani Lavati, un caffè molto cremoso e particolare. Ingredienti: caffè tostato e macinato, confezionato in capsule in atmosfera protettiva. Tostato, macinato e confezionato in Italia. Da consumarsi preferibilmente entro la data indicata nella confezione. Conservare in luogo fresco e asciutto. Queste capsule sono autoprotette. Cosa significa? Le capsule autoprotette possono essere lasciate all'aria quando la confezione è aperta perché non rischiano di deteriorarsi. Nelle capsule autoprotette infatti, viene applicato uno strato di alluminio sulla capsula per evitare l'ossidazione e il contatto con l'ossigeno. Sarà come avere un caffè appena macinato tutti i giorni.",
        "WordCount": 140,
        "Rating": "4,1",
        "ListPrice": "20,90",
        "Price": "20,90",
        "Discount": "0%",
        "Shipping": 0,
        "TotalPrice": 0,
        "Stock": 0,
        "ParentASIN": "",
        "Available": false,
        "Fulfilled": false,
        "Thumbnail": "https://m.media-amazon.com/images/I/717aIJmMK7L._AC_UL320_ML3_.jpg",
        "URL": "https://www.amazon.it/Italian-Coffee-compatibili-Caffitaly-System-Professional-Coffee/dp/B06Y1CDL58/ref=sr_1_79?__mk_it_IT=%25u00c5M%25u00c5%25u017d%25u00d5%25u00d1&amp;keywords=capsule+compatibili&amp;qid=1582034540&amp;refinements=p_76:490210031&amp;rnid=490209031&amp;rps=1&amp;sr=8-79",
        "Images": {
            "URL": [
                "https://images-na.ssl-images-amazon.com/images/I/717aIJmMK7L._AC_SL1500_.jpg",
                "https://images-na.ssl-images-amazon.com/images/I/71UDLngTB3L._AC_SL1500_.jpg",
                "https://images-na.ssl-images-amazon.com/images/I/71WI5tdWDoL._AC_SL1500_.jpg"
            ]
        },
        "Features": "",
        "TechnicalDetails": "",
        "ProductDetails": {
            "Description": [
                "Unità=96  Capsula",
                "Istruzioni di conservazione=Conservare in luogo fresco e asciutto",
                "Paese d'origine=Italia",
                "Origine=Italia",
                "Marca=ITALIAN COFFEE FOR ESPRESSO LOVERS",
                "Format=capsule monodose",
                "Contenuto di caffeina=Contiene caffeina",
                "Tipo di uva=Miscela 60% Arabica Brasiliani e 40% Robusta Africani Lavati",
                "Produttore=La Boutique del Caffè srl",
                "ASIN=B06Y1CDL58",
                "Media recensioni=4.1 su 5 stelle\n      \n    \n  \n  \n  \n    \n      204 recensioni clienti",
                "Posizione nella classifica Bestseller di Amazon=n. 305 in Alimentari e cura della casa (Visualizza i Top 100 nella categoria Alimentari e cura della casa)\n \n\n\n\n\n\n\n.zg_hrsr { margin: 0; padding: 0; list-style-type: none; }\n.zg_hrsr_item { margin: 0 0 0 10px; }\n.zg_hrsr_rank { display: inline-block; width: 80px; text-align: right; }\n\n\n\n    \n    n.170\n    in Cialde e capsule di caffè",
                "Peso di spedizione=1,2 Kg",
                "Disponibile su Amazon.it a partire dal=28 marzo 2017"
            ]
        },
        "SalesRank": 305,
        "UPC": "",
        "EAN": "",
        "Prime": false,
        "ChildASIN": "",
        "Reviews": ""
    },
    {
        "ASIN": "B019S0M2N0",
        "Brand": "FRHOME",
        "Title": "FRHOME - Lavazza a Modo Mio 100 Capsule compatibili - Il Caffè Italiano - Decaffeinato Intensità 8",
        "Category": "",
        "Description": "",
        "WordCount": 0,
        "Rating": "4,6",
        "ListPrice": "22,00",
        "Price": "22,00",
        "Discount": "0%",
        "Shipping": 0,
        "TotalPrice": 0,
        "Stock": 0,
        "ParentASIN": "",
        "Available": false,
        "Fulfilled": false,
        "Thumbnail": "https://m.media-amazon.com/images/I/517GDs0QEfL._AC_UL320_ML3_.jpg",
        "URL": "https://www.amazon.it/Caffè-Italiano-Compatibile-compatibili-macchina/dp/B019S0M2N0/ref=sr_1_80?__mk_it_IT=%25u00c5M%25u00c5%25u017d%25u00d5%25u00d1&amp;keywords=capsule+compatibili&amp;qid=1582034540&amp;refinements=p_76:490210031&amp;rnid=490209031&amp;rps=1&amp;sr=8-80",
        "Images": {
            "URL": [
                "https://images-na.ssl-images-amazon.com/images/I/517GDs0QEfL._AC_SL1333_.jpg",
                "https://images-na.ssl-images-amazon.com/images/I/71-UjiGqGxL._AC_SL1500_.jpg",
                "https://images-na.ssl-images-amazon.com/images/I/71biXzU%2BmhL._AC_SL1500_.jpg",
                "https://images-na.ssl-images-amazon.com/images/I/7144Koc1oQL._AC_SL1500_.jpg",
                "https://images-na.ssl-images-amazon.com/images/I/71kWjRwUlFL._AC_SL1500_.jpg",
                "https://images-na.ssl-images-amazon.com/images/I/71%2BymHmOTWL._AC_SL1500_.jpg"
            ]
        },
        "Features": "",
        "TechnicalDetails": "",
        "ProductDetails": {
            "Description": [
                "Nome del prodotto=Caffè Dek Compatibile a Modo Mio",
                "Unità=100  Capsule",
                "Marca=FRHOME",
                "Format=capsule_monodose",
                "Produttore=FRHOME",
                "Porzione=100 capsules",
                "ASIN=B019S0M2N0",
                "Media recensioni=4.5 su 5 stelle\n      \n    \n  \n  \n  \n    \n      12 recensioni clienti",
                "Posizione nella classifica Bestseller di Amazon=n. 8.502 in Alimentari e cura della casa (Visualizza i Top 100 nella categoria Alimentari e cura della casa)\n \n\n\n\n\n\n\n.zg_hrsr { margin: 0; padding: 0; list-style-type: none; }\n.zg_hrsr_item { margin: 0 0 0 10px; }\n.zg_hrsr_rank { display: inline-block; width: 80px; text-align: right; }\n\n\n\n    \n    n.1623\n    in Cialde e capsule di caffè",
                "Peso di spedizione=1,2 Kg",
                "Restrizioni di spedizione=Questo articolo è disponibile per l'esportazione in paesi selezionati al di fuori dell'Unione Europea.",
                "Disponibile su Amazon.it a partire dal=24 dicembre 2015"
            ]
        },
        "SalesRank": 8502,
        "UPC": "",
        "EAN": "",
        "Prime": false,
        "ChildASIN": "",
        "Reviews": ""
    },
    {
        "ASIN": "B07X63L6XL",
        "Brand": "Starbucks",
        "Title": "Starbucks by Nespresso Confezione Assortita, 12 astucci da 10 capsule (120 capsule)",
        "Category": "",
        "Description": "Nome sapore:<strong>Confezioni di degustare (120)</strong>\n \n \n \n \n \n \n \n\n\n \n \n \n\t \n \n\n \n \n \n \n \n \n \n \t\n \t\tDescrizione\n \t\n \t\n \t\t\n \t\t\tIspirato al caffè STARBUCKS che tanto ami, da poter fare a casa con la macchina NESPRESSO. Capsule STARBUCKS by NESPRESSO.\n\t\t\t\t \t\n\t\t\t\t\t\n \t\t\n \t\t\n \t\n \n \t\n \t\tIngredienti\n \t\n \t\n \t\t\n \t\t\tRoast and Ground Coffee",
        "WordCount": 63,
        "Rating": "4,4",
        "ListPrice": "44,72",
        "Price": "44,72",
        "Discount": "0%",
        "Shipping": 0,
        "TotalPrice": 0,
        "Stock": 0,
        "ParentASIN": "",
        "Available": false,
        "Fulfilled": false,
        "Thumbnail": "https://m.media-amazon.com/images/I/81FeKrOQ7sL._AC_UL320_ML3_.jpg",
        "URL": "https://www.amazon.it/Starbucks-Nespresso-Confezione-Assortita-astucci/dp/B07X63L6XL/ref=sr_1_81?__mk_it_IT=%25u00c5M%25u00c5%25u017d%25u00d5%25u00d1&amp;keywords=capsule+compatibili&amp;qid=1582034540&amp;refinements=p_76:490210031&amp;rnid=490209031&amp;rps=1&amp;sr=8-81",
        "Images": {
            "URL": [
                "https://images-na.ssl-images-amazon.com/images/I/81FeKrOQ7sL._AC_SL1500_.jpg",
                "https://images-na.ssl-images-amazon.com/images/I/819m0hJT9SL._AC_SL1500_.jpg",
                "https://images-na.ssl-images-amazon.com/images/I/71ehMtv9HiL._AC_SL1500_.jpg"
            ]
        },
        "Features": "",
        "TechnicalDetails": "",
        "ProductDetails": {
            "Description": [
                "Peso articolo=90,7 g",
                "Nome del prodotto=by Nespresso Confezione Assortita",
                "Istruzioni di conservazione=Conservare in un luogo asciutto e lontano da fonti de calore",
                "Origine=Svizzera",
                "Marca=STARBUCKS",
                "Contenuto di caffeina=Con caffeina",
                "Produttore=Nestlé",
                "ASIN=B07X63L6XL",
                "Media recensioni=4.7 su 5 stelle\n      \n    \n  \n  \n  \n    \n      17 recensioni clienti",
                "Posizione nella classifica Bestseller di Amazon=n. 4 in Alimentari e cura della casa (Visualizza i Top 100 nella categoria Alimentari e cura della casa)\n \n\n\n\n\n\n\n.zg_hrsr { margin: 0; padding: 0; list-style-type: none; }\n.zg_hrsr_item { margin: 0 0 0 10px; }\n.zg_hrsr_rank { display: inline-block; width: 80px; text-align: right; }\n\n\n\n    \n    n.3\n    in Cialde e capsule di caffè",
                "Peso di spedizione=1,1 Kg",
                "Disponibile su Amazon.it a partire dal=22 ottobre 2019"
            ]
        },
        "SalesRank": 4,
        "UPC": "",
        "EAN": "",
        "Prime": false,
        "ChildASIN": "",
        "Reviews": ""
    },
    {
        "ASIN": "B07353WKWP",
        "Brand": "Ristora",
        "Title": "60 cialde capsule TE LIMONE THE RISTORA COMPATIBILI MACCHINE NESPRESSO (6 X 10pz)",
        "Category": "",
        "Description": "Nome stile:<strong>Te al limone</strong>\n \n \n \n \n \n \n \n\n\n \n \n \n\t \n \n\n \n \n \n \n \n \n \n \t\n \t\n \t\t\n \t\t\tTHE LIMONE SOLUBILE Zucchero;Estratto solubie di tè (1.4%);Acidificante: acido citrico;Aromi;Succo di Limone polvero (maltodestina,succo di limone disidratato 0.1%) ANALISI NUTRIZIONALE per 100g Valore energetico: 392 kcal 1666 kJ Proteine: 0,1 g Carboidrati: 97 g Grassi: 0 g",
        "WordCount": 63,
        "Rating": "4,3",
        "ListPrice": "14,40",
        "Price": "14,40",
        "Discount": "0%",
        "Shipping": 0,
        "TotalPrice": 0,
        "Stock": 0,
        "ParentASIN": "",
        "Available": false,
        "Fulfilled": false,
        "Thumbnail": "https://m.media-amazon.com/images/I/71eGV5GT0GL._AC_UL320_ML3_.jpg",
        "URL": "https://www.amazon.it/capsule-RISTORA-COMPATIBILI-MACCHINE-NESPRESSO/dp/B07353WKWP/ref=sr_1_82?__mk_it_IT=%25u00c5M%25u00c5%25u017d%25u00d5%25u00d1&amp;keywords=capsule+compatibili&amp;qid=1582034540&amp;refinements=p_76:490210031&amp;rnid=490209031&amp;rps=1&amp;sr=8-82",
        "Images": {
            "URL": "https://images-na.ssl-images-amazon.com/images/I/71eGV5GT0GL._AC_SL1400_.jpg"
        },
        "Features": "",
        "TechnicalDetails": "",
        "ProductDetails": {
            "Description": [
                "Unità=60  capsula",
                "Paese d'origine=Italia",
                "Marca=Ristora",
                "Format=capsule_monodose",
                "Contenuto di caffeina=Senza caffeina",
                "Produttore=RISTORA",
                "ASIN=B07353WKWP",
                "Media recensioni=4.3 su 5 stelle\n      \n    \n  \n  \n  \n    \n      387 recensioni clienti",
                "Posizione nella classifica Bestseller di Amazon=n. 521 in Alimentari e cura della casa (Visualizza i Top 100 nella categoria Alimentari e cura della casa)\n \n\n\n\n\n\n\n.zg_hrsr { margin: 0; padding: 0; list-style-type: none; }\n.zg_hrsr_item { margin: 0 0 0 10px; }\n.zg_hrsr_rank { display: inline-block; width: 80px; text-align: right; }\n\n\n\n    \n    n.262\n    in Cialde e capsule di caffè",
                "Peso di spedizione=780 g",
                "Disponibile su Amazon.it a partire dal=15 marzo 2016"
            ]
        },
        "SalesRank": 521,
        "UPC": "",
        "EAN": "",
        "Prime": false,
        "ChildASIN": "",
        "Reviews": ""
    },
    {
        "ASIN": "B07DPKK7LH",
        "Brand": "DiCosola Caff%C3%A8",
        "Title": "100 capsule Compatibili Nespresso Cremoso - Nemos caffè",
        "Category": "",
        "Description": "selezione miscele di altissima qualita' miscela Brasile Colombia India cremoso e intenso al palato offre un 'esperienza mai avuta da un caffe' compatibile nespresso. capsula autoprotetta alla rinfusa nello scatolo che ne contiene 100 pezzi come rappresentato in foto confezionate in atmosfera controllata per garantire il giusto aroma e cremosita' in tazza. salva spazio e meno sprechi , possibilita' di alloggiare le capsule nel vostro porta capsule nespresso.",
        "WordCount": 68,
        "Rating": "3,5",
        "ListPrice": "13,99",
        "Price": "13,99",
        "Discount": "0%",
        "Shipping": 0,
        "TotalPrice": 0,
        "Stock": 0,
        "ParentASIN": "",
        "Available": false,
        "Fulfilled": false,
        "Thumbnail": "https://m.media-amazon.com/images/I/41DoRSHUJ6L._AC_UL320_ML3_.jpg",
        "URL": "https://www.amazon.it/100-capsule-Compatibili-Nespresso-Cremoso/dp/B07DPKK7LH/ref=sr_1_83?__mk_it_IT=%25u00c5M%25u00c5%25u017d%25u00d5%25u00d1&amp;keywords=capsule+compatibili&amp;qid=1582034540&amp;refinements=p_76:490210031&amp;rnid=490209031&amp;rps=1&amp;sr=8-83",
        "Images": {
            "URL": [
                "https://images-na.ssl-images-amazon.com/images/I/41DoRSHUJ6L._AC_.jpg",
                "https://images-na.ssl-images-amazon.com/images/I/41WboNxwulL._AC_.jpg",
                "https://images-na.ssl-images-amazon.com/images/I/41dMANtgFvL._AC_.jpg",
                "https://images-na.ssl-images-amazon.com/images/I/21x%2Bf0MG3gL._AC_.jpg",
                "https://images-na.ssl-images-amazon.com/images/I/21Sf%2BfDQAXL._AC_.jpg",
                "https://images-na.ssl-images-amazon.com/images/I/31uoGFq49dL._AC_.jpg"
            ]
        },
        "Features": "",
        "TechnicalDetails": "",
        "ProductDetails": {
            "Description": [
                "Peso articolo=789 g",
                "Unità=100  Gram",
                "Marca=DiCosola Caffè",
                "Format=capsule monodose",
                "Produttore=DiCosola Caffè",
                "ASIN=B07DPKK7LH",
                "Media recensioni=3.6 su 5 stelle\n      \n    \n  \n  \n  \n    \n      23 recensioni clienti",
                "Posizione nella classifica Bestseller di Amazon=n. 495 in Alimentari e cura della casa (Visualizza i Top 100 nella categoria Alimentari e cura della casa)\n \n\n\n\n\n\n\n.zg_hrsr { margin: 0; padding: 0; list-style-type: none; }\n.zg_hrsr_item { margin: 0 0 0 10px; }\n.zg_hrsr_rank { display: inline-block; width: 80px; text-align: right; }\n\n\n\n    \n    n.249\n    in Cialde e capsule di caffè",
                "Peso di spedizione=862 g",
                "Disponibile su Amazon.it a partire dal=12 giugno 2018"
            ]
        },
        "SalesRank": 495,
        "UPC": "",
        "EAN": "",
        "Prime": false,
        "ChildASIN": "",
        "Reviews": ""
    }
]